-- phpMyAdmin SQL Dump
-- version 4.0.10deb1
-- http://www.phpmyadmin.net
--
-- Host: localhost
-- Generation Time: Oct 31, 2016 at 06:01 AM
-- Server version: 5.5.44-0ubuntu0.14.04.1
-- PHP Version: 5.5.9-1ubuntu4.11

SET SQL_MODE = "NO_AUTO_VALUE_ON_ZERO";
SET time_zone = "+00:00";


/*!40101 SET @OLD_CHARACTER_SET_CLIENT=@@CHARACTER_SET_CLIENT */;
/*!40101 SET @OLD_CHARACTER_SET_RESULTS=@@CHARACTER_SET_RESULTS */;
/*!40101 SET @OLD_COLLATION_CONNECTION=@@COLLATION_CONNECTION */;
/*!40101 SET NAMES utf8 */;

--
-- Database: `f33im`
--

-- --------------------------------------------------------

--
-- Table structure for table `booked`
--

CREATE TABLE IF NOT EXISTS `booked` (
  `username` varchar(50) NOT NULL,
  `seat_row` varchar(1) NOT NULL,
  `seat_colum` int(2) NOT NULL,
  `movie_id` int(11) NOT NULL,
  `price` int(11) NOT NULL,
  KEY `username` (`username`),
  KEY `seat_row` (`seat_row`,`seat_colum`)
) ENGINE=InnoDB DEFAULT CHARSET=latin1;

-- --------------------------------------------------------

--
-- Table structure for table `movie`
--

CREATE TABLE IF NOT EXISTS `movie` (
  `movie_id` int(11) NOT NULL AUTO_INCREMENT,
  `movie_name` varchar(100) NOT NULL,
  `price` int(11) NOT NULL,
  `status` enum('Now Showing','Next Change','Coming Soon') NOT NULL,
  `info` varchar(1000) NOT NULL,
  `length` int(10) NOT NULL,
  `type` varchar(100) NOT NULL,
  `release_date` varchar(100) NOT NULL,
  `trailer` varchar(500) NOT NULL,
  KEY `movie_id` (`movie_id`)
) ENGINE=InnoDB  DEFAULT CHARSET=latin1 AUTO_INCREMENT=5 ;

--
-- Dumping data for table `movie`
--

INSERT INTO `movie` (`movie_id`, `movie_name`, `price`, `status`, `info`, `length`, `type`, `release_date`, `trailer`) VALUES
(1, 'brothers', 17, 'Now Showing', 'MI6 top assassin has a brother. Unfortunately for him, he has a football hooligan from the town of Grimsby. Nobby has everything a man from the poor English fishing town of Grimsby could want - 9 children and the most attractive girlfriend in northern England. There is only one thing missing in his life: his little brother, Sebastian. After they were adopted by different families as children, Nobby spent 28 years searching for him.', 155, 'Action, Adventure, Comedy', '14 August 2015', 'https://www.youtube.com/embed/_YtclB_02wA'),
(2, 'assassin', 14, 'Now Showing', 'Ruthless killer for hire breaks the rules of his profession and falls for a beautiful young woman. Discovering the notorious gangland brothers had hired him to kill her father, his world breaks down and he must turn against his criminal employers and their gang to save the woman he loves.', 82, 'Action, Drama', '9 March, 2015', 'https://www.youtube.com/embed/CKFtNsQ78oI'),
(3, 'iron_lady', 12, 'Now Showing', 'An elderly Margaret Thatcher talks to the imagined presence of her recently deceased husband as she struggles to come to terms with his death while scenes from her past life, from girlhood to British prime minister, intervene.', 104, 'Biography, Drama', '26 December 2011', 'https://www.youtube.com/embed/xyh6xrJsIkI'),
(4, 'kumiko', 12, 'Now Showing', 'A jaded Japanese woman becomes convinced that a satchel of money buried and lost in a fictional film, Fargo, is in fact, real. With a crudely drawn treasure map and limited preparation, she escapes her structured life in Tokyo and embarks on a foolhardy quest across the tundra of Minnesota in search of her mythical fortune.', 104, 'Drama', '20 January, 2014', 'https://www.youtube.com/embed/8htA6LR6u-Y');

-- --------------------------------------------------------

--
-- Table structure for table `movie_slot`
--

CREATE TABLE IF NOT EXISTS `movie_slot` (
  `slotID` int(11) NOT NULL AUTO_INCREMENT,
  `movie_id` int(11) NOT NULL,
  `date` date NOT NULL,
  `time` time NOT NULL,
  KEY `slotID` (`slotID`)
) ENGINE=InnoDB  DEFAULT CHARSET=latin1 AUTO_INCREMENT=12 ;

--
-- Dumping data for table `movie_slot`
--

INSERT INTO `movie_slot` (`slotID`, `movie_id`, `date`, `time`) VALUES
(1, 1, '2016-11-02', '18:00:00'),
(2, 2, '2016-11-02', '18:00:00'),
(3, 3, '2016-11-02', '18:00:00'),
(4, 4, '2016-11-02', '18:00:00'),
(5, 1, '2016-11-03', '14:00:00'),
(6, 1, '2016-11-03', '18:00:00'),
(7, 1, '2016-11-04', '16:00:00'),
(8, 2, '2016-11-03', '16:00:00'),
(9, 3, '2016-11-03', '16:00:00'),
(10, 3, '2016-11-04', '14:00:00'),
(11, 4, '2016-11-03', '14:00:00');

-- --------------------------------------------------------

--
-- Table structure for table `seats`
--

CREATE TABLE IF NOT EXISTS `seats` (
  `seat_row` varchar(10) NOT NULL,
  `seat_colum` int(10) NOT NULL,
  `status` enum('booked','not booked') NOT NULL,
  `slotID` int(3) NOT NULL,
  `seatID` varchar(10) NOT NULL,
  PRIMARY KEY (`seat_row`,`seat_colum`,`slotID`)
) ENGINE=InnoDB DEFAULT CHARSET=latin1;

--
-- Dumping data for table `seats`
--

INSERT INTO `seats` (`seat_row`, `seat_colum`, `status`, `slotID`, `seatID`) VALUES
('A', 1, 'booked', 1, 'A1'),
('A', 1, 'not booked', 2, 'A1'),
('A', 1, 'not booked', 3, 'A1'),
('A', 1, 'not booked', 4, 'A1'),
('A', 1, 'not booked', 5, 'A1'),
('A', 1, 'not booked', 6, 'A1'),
('A', 1, 'not booked', 7, 'A1'),
('A', 1, 'not booked', 8, 'A1'),
('A', 1, 'not booked', 9, 'A1'),
('A', 1, 'not booked', 10, 'A1'),
('A', 2, 'booked', 1, 'A2'),
('A', 2, 'not booked', 2, 'A2'),
('A', 2, 'not booked', 3, 'A2'),
('A', 2, 'not booked', 4, 'A2'),
('A', 2, 'not booked', 5, 'A2'),
('A', 2, 'not booked', 6, 'A2'),
('A', 2, 'not booked', 7, 'A2'),
('A', 2, 'not booked', 8, 'A2'),
('A', 2, 'not booked', 9, 'A2'),
('A', 2, 'not booked', 10, 'A2'),
('A', 3, 'not booked', 1, 'A3'),
('A', 3, 'not booked', 2, 'A3'),
('A', 3, 'not booked', 3, 'A3'),
('A', 3, 'not booked', 4, 'A3'),
('A', 3, 'not booked', 5, 'A3'),
('A', 3, 'not booked', 6, 'A3'),
('A', 3, 'not booked', 7, 'A3'),
('A', 3, 'not booked', 8, 'A3'),
('A', 3, 'not booked', 9, 'A3'),
('A', 3, 'not booked', 10, 'A3'),
('A', 4, 'not booked', 1, 'A4'),
('A', 4, 'not booked', 2, 'A4'),
('A', 4, 'not booked', 3, 'A4'),
('A', 4, 'not booked', 4, 'A4'),
('A', 4, 'not booked', 5, 'A4'),
('A', 4, 'not booked', 6, 'A4'),
('A', 4, 'not booked', 7, 'A4'),
('A', 4, 'not booked', 8, 'A4'),
('A', 4, 'not booked', 9, 'A4'),
('A', 4, 'not booked', 10, 'A4'),
('A', 5, 'not booked', 1, 'A5'),
('A', 5, 'not booked', 2, 'A5'),
('A', 5, 'not booked', 3, 'A5'),
('A', 5, 'not booked', 4, 'A5'),
('A', 5, 'not booked', 5, 'A5'),
('A', 5, 'not booked', 6, 'A5'),
('A', 5, 'not booked', 7, 'A5'),
('A', 5, 'not booked', 8, 'A5'),
('A', 5, 'not booked', 9, 'A5'),
('A', 5, 'not booked', 10, 'A5'),
('A', 6, 'not booked', 1, 'A6'),
('A', 6, 'not booked', 2, 'A6'),
('A', 6, 'not booked', 3, 'A6'),
('A', 6, 'not booked', 4, 'A6'),
('A', 6, 'not booked', 5, 'A6'),
('A', 6, 'not booked', 6, 'A6'),
('A', 6, 'not booked', 7, 'A6'),
('A', 6, 'not booked', 8, 'A6'),
('A', 6, 'not booked', 9, 'A6'),
('A', 6, 'not booked', 10, 'A6'),
('A', 7, 'not booked', 1, 'A7'),
('A', 7, 'not booked', 2, 'A7'),
('A', 7, 'not booked', 3, 'A7'),
('A', 7, 'not booked', 4, 'A7'),
('A', 7, 'not booked', 5, 'A7'),
('A', 7, 'not booked', 6, 'A7'),
('A', 7, 'not booked', 7, 'A7'),
('A', 7, 'not booked', 8, 'A7'),
('A', 7, 'not booked', 9, 'A7'),
('A', 7, 'not booked', 10, 'A7'),
('A', 8, 'not booked', 1, 'A8'),
('A', 8, 'not booked', 2, 'A8'),
('A', 8, 'not booked', 3, 'A8'),
('A', 8, 'not booked', 4, 'A8'),
('A', 8, 'not booked', 5, 'A8'),
('A', 8, 'not booked', 6, 'A8'),
('A', 8, 'not booked', 7, 'A8'),
('A', 8, 'not booked', 8, 'A8'),
('A', 8, 'not booked', 9, 'A8'),
('A', 8, 'not booked', 10, 'A8'),
('A', 9, 'not booked', 1, 'A9'),
('A', 9, 'not booked', 2, 'A9'),
('A', 9, 'not booked', 3, 'A9'),
('A', 9, 'not booked', 4, 'A9'),
('A', 9, 'not booked', 5, 'A9'),
('A', 9, 'not booked', 6, 'A9'),
('A', 9, 'not booked', 7, 'A9'),
('A', 9, 'not booked', 8, 'A9'),
('A', 9, 'not booked', 9, 'A9'),
('A', 9, 'not booked', 10, 'A9'),
('A', 10, 'not booked', 1, 'A10'),
('A', 10, 'not booked', 2, 'A10'),
('A', 10, 'not booked', 3, 'A10'),
('A', 10, 'not booked', 4, 'A10'),
('A', 10, 'not booked', 5, 'A10'),
('A', 10, 'not booked', 6, 'A10'),
('A', 10, 'not booked', 7, 'A10'),
('A', 10, 'not booked', 8, 'A10'),
('A', 10, 'not booked', 9, 'A10'),
('A', 10, 'not booked', 10, 'A10'),
('A', 11, 'not booked', 1, 'A11'),
('A', 11, 'not booked', 2, 'A11'),
('A', 11, 'not booked', 3, 'A11'),
('A', 11, 'not booked', 4, 'A11'),
('A', 11, 'not booked', 5, 'A11'),
('A', 11, 'not booked', 6, 'A11'),
('A', 11, 'not booked', 7, 'A11'),
('A', 11, 'not booked', 8, 'A11'),
('A', 11, 'not booked', 9, 'A11'),
('A', 11, 'not booked', 10, 'A11'),
('A', 12, 'not booked', 1, 'A12'),
('A', 12, 'not booked', 2, 'A12'),
('A', 12, 'not booked', 3, 'A12'),
('A', 12, 'not booked', 4, 'A12'),
('A', 12, 'not booked', 5, 'A12'),
('A', 12, 'not booked', 6, 'A12'),
('A', 12, 'not booked', 7, 'A12'),
('A', 12, 'not booked', 8, 'A12'),
('A', 12, 'not booked', 9, 'A12'),
('A', 12, 'not booked', 10, 'A12'),
('A', 13, 'not booked', 1, 'A13'),
('A', 13, 'not booked', 2, 'A13'),
('A', 13, 'not booked', 3, 'A13'),
('A', 13, 'not booked', 4, 'A13'),
('A', 13, 'not booked', 5, 'A13'),
('A', 13, 'not booked', 6, 'A13'),
('A', 13, 'not booked', 7, 'A13'),
('A', 13, 'not booked', 8, 'A13'),
('A', 13, 'not booked', 9, 'A13'),
('A', 13, 'not booked', 10, 'A13'),
('A', 14, 'not booked', 1, 'A14'),
('A', 14, 'not booked', 2, 'A14'),
('A', 14, 'not booked', 3, 'A14'),
('A', 14, 'not booked', 4, 'A14'),
('A', 14, 'not booked', 5, 'A14'),
('A', 14, 'not booked', 6, 'A14'),
('A', 14, 'not booked', 7, 'A14'),
('A', 14, 'not booked', 8, 'A14'),
('A', 14, 'not booked', 9, 'A14'),
('A', 14, 'not booked', 10, 'A14'),
('B', 1, 'not booked', 1, 'B1'),
('B', 1, 'not booked', 2, 'B1'),
('B', 1, 'not booked', 3, 'B1'),
('B', 1, 'not booked', 4, 'B1'),
('B', 1, 'not booked', 5, 'B1'),
('B', 1, 'not booked', 6, 'B1'),
('B', 1, 'not booked', 7, 'B1'),
('B', 1, 'not booked', 8, 'B1'),
('B', 1, 'not booked', 9, 'B1'),
('B', 1, 'not booked', 10, 'B1'),
('B', 2, 'not booked', 1, 'B2'),
('B', 2, 'not booked', 2, 'B2'),
('B', 2, 'not booked', 3, 'B2'),
('B', 2, 'not booked', 4, 'B2'),
('B', 2, 'not booked', 5, 'B2'),
('B', 2, 'not booked', 6, 'B2'),
('B', 2, 'not booked', 7, 'B2'),
('B', 2, 'not booked', 8, 'B2'),
('B', 2, 'not booked', 9, 'B2'),
('B', 2, 'not booked', 10, 'B2'),
('B', 3, 'not booked', 1, 'B3'),
('B', 3, 'not booked', 2, 'B3'),
('B', 3, 'not booked', 3, 'B3'),
('B', 3, 'not booked', 4, 'B3'),
('B', 3, 'not booked', 5, 'B3'),
('B', 3, 'not booked', 6, 'B3'),
('B', 3, 'not booked', 7, 'B3'),
('B', 3, 'not booked', 8, 'B3'),
('B', 3, 'not booked', 9, 'B3'),
('B', 3, 'not booked', 10, 'B3'),
('B', 4, 'not booked', 1, 'B4'),
('B', 4, 'not booked', 2, 'B4'),
('B', 4, 'not booked', 3, 'B4'),
('B', 4, 'not booked', 4, 'B4'),
('B', 4, 'not booked', 5, 'B4'),
('B', 4, 'not booked', 6, 'B4'),
('B', 4, 'not booked', 7, 'B4'),
('B', 4, 'not booked', 8, 'B4'),
('B', 4, 'not booked', 9, 'B4'),
('B', 4, 'not booked', 10, 'B4'),
('B', 5, 'not booked', 1, 'B5'),
('B', 5, 'not booked', 2, 'B5'),
('B', 5, 'not booked', 3, 'B5'),
('B', 5, 'not booked', 4, 'B5'),
('B', 5, 'not booked', 5, 'B5'),
('B', 5, 'not booked', 6, 'B5'),
('B', 5, 'not booked', 7, 'B5'),
('B', 5, 'not booked', 8, 'B5'),
('B', 5, 'not booked', 9, 'B5'),
('B', 5, 'not booked', 10, 'B5'),
('B', 6, 'not booked', 1, 'B6'),
('B', 6, 'not booked', 2, 'B6'),
('B', 6, 'not booked', 3, 'B6'),
('B', 6, 'not booked', 4, 'B6'),
('B', 6, 'not booked', 5, 'B6'),
('B', 6, 'not booked', 6, 'B6'),
('B', 6, 'not booked', 7, 'B6'),
('B', 6, 'not booked', 8, 'B6'),
('B', 6, 'not booked', 9, 'B6'),
('B', 6, 'not booked', 10, 'B6'),
('B', 7, 'not booked', 1, 'B7'),
('B', 7, 'not booked', 2, 'B7'),
('B', 7, 'not booked', 3, 'B7'),
('B', 7, 'not booked', 4, 'B7'),
('B', 7, 'not booked', 5, 'B7'),
('B', 7, 'not booked', 6, 'B7'),
('B', 7, 'not booked', 7, 'B7'),
('B', 7, 'not booked', 8, 'B7'),
('B', 7, 'not booked', 9, 'B7'),
('B', 7, 'not booked', 10, 'B7'),
('B', 8, 'not booked', 1, 'B8'),
('B', 8, 'not booked', 2, 'B8'),
('B', 8, 'not booked', 3, 'B8'),
('B', 8, 'not booked', 4, 'B8'),
('B', 8, 'not booked', 5, 'B8'),
('B', 8, 'not booked', 6, 'B8'),
('B', 8, 'not booked', 7, 'B8'),
('B', 8, 'not booked', 8, 'B8'),
('B', 8, 'not booked', 9, 'B8'),
('B', 8, 'not booked', 10, 'B8'),
('B', 9, 'not booked', 1, 'B9'),
('B', 9, 'not booked', 2, 'B9'),
('B', 9, 'not booked', 3, 'B9'),
('B', 9, 'not booked', 4, 'B9'),
('B', 9, 'not booked', 5, 'B9'),
('B', 9, 'not booked', 6, 'B9'),
('B', 9, 'not booked', 7, 'B9'),
('B', 9, 'not booked', 8, 'B9'),
('B', 9, 'not booked', 9, 'B9'),
('B', 9, 'not booked', 10, 'B9'),
('B', 10, 'not booked', 1, 'B10'),
('B', 10, 'not booked', 2, 'B10'),
('B', 10, 'not booked', 3, 'B10'),
('B', 10, 'not booked', 4, 'B10'),
('B', 10, 'not booked', 5, 'B10'),
('B', 10, 'not booked', 6, 'B10'),
('B', 10, 'not booked', 7, 'B10'),
('B', 10, 'not booked', 8, 'B10'),
('B', 10, 'not booked', 9, 'B10'),
('B', 10, 'not booked', 10, 'B10'),
('B', 11, 'not booked', 1, 'B11'),
('B', 11, 'not booked', 2, 'B11'),
('B', 11, 'not booked', 3, 'B11'),
('B', 11, 'not booked', 4, 'B11'),
('B', 11, 'not booked', 5, 'B11'),
('B', 11, 'not booked', 6, 'B11'),
('B', 11, 'not booked', 7, 'B11'),
('B', 11, 'not booked', 8, 'B11'),
('B', 11, 'not booked', 9, 'B11'),
('B', 11, 'not booked', 10, 'B11'),
('B', 12, 'not booked', 1, 'B12'),
('B', 12, 'not booked', 2, 'B12'),
('B', 12, 'not booked', 3, 'B12'),
('B', 12, 'not booked', 4, 'B12'),
('B', 12, 'not booked', 5, 'B12'),
('B', 12, 'not booked', 6, 'B12'),
('B', 12, 'not booked', 7, 'B12'),
('B', 12, 'not booked', 8, 'B12'),
('B', 12, 'not booked', 9, 'B12'),
('B', 12, 'not booked', 10, 'B12'),
('B', 13, 'not booked', 1, 'B13'),
('B', 13, 'not booked', 2, 'B13'),
('B', 13, 'not booked', 3, 'B13'),
('B', 13, 'not booked', 4, 'B13'),
('B', 13, 'not booked', 5, 'B13'),
('B', 13, 'not booked', 6, 'B13'),
('B', 13, 'not booked', 7, 'B13'),
('B', 13, 'not booked', 8, 'B13'),
('B', 13, 'not booked', 9, 'B13'),
('B', 13, 'not booked', 10, 'B13'),
('B', 14, 'not booked', 1, 'B14'),
('B', 14, 'not booked', 2, 'B14'),
('B', 14, 'not booked', 3, 'B14'),
('B', 14, 'not booked', 4, 'B14'),
('B', 14, 'not booked', 5, 'B14'),
('B', 14, 'not booked', 6, 'B14'),
('B', 14, 'not booked', 7, 'B14'),
('B', 14, 'not booked', 8, 'B14'),
('B', 14, 'not booked', 9, 'B14'),
('B', 14, 'not booked', 10, 'B14'),
('C', 1, 'not booked', 1, 'C1'),
('C', 1, 'not booked', 2, 'C1'),
('C', 1, 'not booked', 3, 'C1'),
('C', 1, 'not booked', 4, 'C1'),
('C', 1, 'not booked', 5, 'C1'),
('C', 1, 'not booked', 6, 'C1'),
('C', 1, 'not booked', 7, 'C1'),
('C', 1, 'not booked', 8, 'C1'),
('C', 1, 'not booked', 9, 'C1'),
('C', 1, 'not booked', 10, 'C1'),
('C', 2, 'not booked', 1, 'C2'),
('C', 2, 'not booked', 2, 'C2'),
('C', 2, 'not booked', 3, 'C2'),
('C', 2, 'not booked', 4, 'C2'),
('C', 2, 'not booked', 5, 'C2'),
('C', 2, 'not booked', 6, 'C2'),
('C', 2, 'not booked', 7, 'C2'),
('C', 2, 'not booked', 8, 'C2'),
('C', 2, 'not booked', 9, 'C2'),
('C', 2, 'not booked', 10, 'C2'),
('C', 3, 'not booked', 1, 'C3'),
('C', 3, 'not booked', 2, 'C3'),
('C', 3, 'not booked', 3, 'C3'),
('C', 3, 'not booked', 4, 'C3'),
('C', 3, 'not booked', 5, 'C3'),
('C', 3, 'not booked', 6, 'C3'),
('C', 3, 'not booked', 7, 'C3'),
('C', 3, 'not booked', 8, 'C3'),
('C', 3, 'not booked', 9, 'C3'),
('C', 3, 'not booked', 10, 'C3'),
('C', 4, 'not booked', 1, 'C4'),
('C', 4, 'not booked', 2, 'C4'),
('C', 4, 'not booked', 3, 'C4'),
('C', 4, 'not booked', 4, 'C4'),
('C', 4, 'not booked', 5, 'C4'),
('C', 4, 'not booked', 6, 'C4'),
('C', 4, 'not booked', 7, 'C4'),
('C', 4, 'not booked', 8, 'C4'),
('C', 4, 'not booked', 9, 'C4'),
('C', 4, 'not booked', 10, 'C4'),
('C', 5, 'not booked', 1, 'C5'),
('C', 5, 'not booked', 2, 'C5'),
('C', 5, 'not booked', 3, 'C5'),
('C', 5, 'not booked', 4, 'C5'),
('C', 5, 'not booked', 5, 'C5'),
('C', 5, 'not booked', 6, 'C5'),
('C', 5, 'not booked', 7, 'C5'),
('C', 5, 'not booked', 8, 'C5'),
('C', 5, 'not booked', 9, 'C5'),
('C', 5, 'not booked', 10, 'C5'),
('C', 6, 'not booked', 1, 'C6'),
('C', 6, 'not booked', 2, 'C6'),
('C', 6, 'not booked', 3, 'C6'),
('C', 6, 'not booked', 4, 'C6'),
('C', 6, 'not booked', 5, 'C6'),
('C', 6, 'not booked', 6, 'C6'),
('C', 6, 'not booked', 7, 'C6'),
('C', 6, 'not booked', 8, 'C6'),
('C', 6, 'not booked', 9, 'C6'),
('C', 6, 'not booked', 10, 'C6'),
('C', 7, 'booked', 1, 'C7'),
('C', 7, 'not booked', 2, 'C7'),
('C', 7, 'not booked', 3, 'C7'),
('C', 7, 'not booked', 4, 'C7'),
('C', 7, 'not booked', 5, 'C7'),
('C', 7, 'not booked', 6, 'C7'),
('C', 7, 'not booked', 7, 'C7'),
('C', 7, 'not booked', 8, 'C7'),
('C', 7, 'not booked', 9, 'C7'),
('C', 7, 'not booked', 10, 'C7'),
('C', 8, 'not booked', 1, 'C8'),
('C', 8, 'not booked', 2, 'C8'),
('C', 8, 'not booked', 3, 'C8'),
('C', 8, 'not booked', 4, 'C8'),
('C', 8, 'not booked', 5, 'C8'),
('C', 8, 'not booked', 6, 'C8'),
('C', 8, 'not booked', 7, 'C8'),
('C', 8, 'not booked', 8, 'C8'),
('C', 8, 'not booked', 9, 'C8'),
('C', 8, 'not booked', 10, 'C8'),
('C', 9, 'not booked', 1, 'C9'),
('C', 9, 'not booked', 2, 'C9'),
('C', 9, 'not booked', 3, 'C9'),
('C', 9, 'not booked', 4, 'C9'),
('C', 9, 'not booked', 5, 'C9'),
('C', 9, 'not booked', 6, 'C9'),
('C', 9, 'not booked', 7, 'C9'),
('C', 9, 'not booked', 8, 'C9'),
('C', 9, 'not booked', 9, 'C9'),
('C', 9, 'not booked', 10, 'C9'),
('C', 10, 'not booked', 1, 'C10'),
('C', 10, 'not booked', 2, 'C10'),
('C', 10, 'not booked', 3, 'C10'),
('C', 10, 'not booked', 4, 'C10'),
('C', 10, 'not booked', 5, 'C10'),
('C', 10, 'not booked', 6, 'C10'),
('C', 10, 'not booked', 7, 'C10'),
('C', 10, 'not booked', 8, 'C10'),
('C', 10, 'not booked', 9, 'C10'),
('C', 10, 'not booked', 10, 'C10'),
('C', 11, 'not booked', 1, 'C11'),
('C', 11, 'not booked', 2, 'C11'),
('C', 11, 'not booked', 3, 'C11'),
('C', 11, 'not booked', 4, 'C11'),
('C', 11, 'not booked', 5, 'C11'),
('C', 11, 'not booked', 6, 'C11'),
('C', 11, 'not booked', 7, 'C11'),
('C', 11, 'not booked', 8, 'C11'),
('C', 11, 'not booked', 9, 'C11'),
('C', 11, 'not booked', 10, 'C11'),
('C', 12, 'not booked', 1, 'C12'),
('C', 12, 'not booked', 2, 'C12'),
('C', 12, 'not booked', 3, 'C12'),
('C', 12, 'not booked', 4, 'C12'),
('C', 12, 'not booked', 5, 'C12'),
('C', 12, 'not booked', 6, 'C12'),
('C', 12, 'not booked', 7, 'C12'),
('C', 12, 'not booked', 8, 'C12'),
('C', 12, 'not booked', 9, 'C12'),
('C', 12, 'not booked', 10, 'C12'),
('C', 13, 'not booked', 1, 'C13'),
('C', 13, 'not booked', 2, 'C13'),
('C', 13, 'not booked', 3, 'C13'),
('C', 13, 'not booked', 4, 'C13'),
('C', 13, 'not booked', 5, 'C13'),
('C', 13, 'not booked', 6, 'C13'),
('C', 13, 'not booked', 7, 'C13'),
('C', 13, 'not booked', 8, 'C13'),
('C', 13, 'not booked', 9, 'C13'),
('C', 13, 'not booked', 10, 'C13'),
('C', 14, 'not booked', 1, 'C14'),
('C', 14, 'not booked', 2, 'C14'),
('C', 14, 'not booked', 3, 'C14'),
('C', 14, 'not booked', 4, 'C14'),
('C', 14, 'not booked', 5, 'C14'),
('C', 14, 'not booked', 6, 'C14'),
('C', 14, 'not booked', 7, 'C14'),
('C', 14, 'not booked', 8, 'C14'),
('C', 14, 'not booked', 9, 'C14'),
('C', 14, 'not booked', 10, 'C14'),
('D', 1, 'not booked', 1, 'D1'),
('D', 1, 'not booked', 2, 'D1'),
('D', 1, 'not booked', 3, 'D1'),
('D', 1, 'not booked', 4, 'D1'),
('D', 1, 'not booked', 5, 'D1'),
('D', 1, 'not booked', 6, 'D1'),
('D', 1, 'not booked', 7, 'D1'),
('D', 1, 'not booked', 8, 'D1'),
('D', 1, 'not booked', 9, 'D1'),
('D', 1, 'not booked', 10, 'D1'),
('D', 2, 'not booked', 1, 'D2'),
('D', 2, 'not booked', 2, 'D2'),
('D', 2, 'not booked', 3, 'D2'),
('D', 2, 'not booked', 4, 'D2'),
('D', 2, 'not booked', 5, 'D2'),
('D', 2, 'not booked', 6, 'D2'),
('D', 2, 'not booked', 7, 'D2'),
('D', 2, 'not booked', 8, 'D2'),
('D', 2, 'not booked', 9, 'D2'),
('D', 2, 'not booked', 10, 'D2'),
('D', 3, 'booked', 1, 'D3'),
('D', 3, 'not booked', 2, 'D3'),
('D', 3, 'not booked', 3, 'D3'),
('D', 3, 'not booked', 4, 'D3'),
('D', 3, 'not booked', 5, 'D3'),
('D', 3, 'not booked', 6, 'D3'),
('D', 3, 'not booked', 7, 'D3'),
('D', 3, 'not booked', 8, 'D3'),
('D', 3, 'not booked', 9, 'D3'),
('D', 3, 'not booked', 10, 'D3'),
('D', 4, 'booked', 1, 'D4'),
('D', 4, 'not booked', 2, 'D4'),
('D', 4, 'not booked', 3, 'D4'),
('D', 4, 'not booked', 4, 'D4'),
('D', 4, 'not booked', 5, 'D4'),
('D', 4, 'not booked', 6, 'D4'),
('D', 4, 'not booked', 7, 'D4'),
('D', 4, 'not booked', 8, 'D4'),
('D', 4, 'not booked', 9, 'D4'),
('D', 4, 'not booked', 10, 'D4'),
('D', 5, 'not booked', 1, 'D5'),
('D', 5, 'not booked', 2, 'D5'),
('D', 5, 'not booked', 3, 'D5'),
('D', 5, 'not booked', 4, 'D5'),
('D', 5, 'not booked', 5, 'D5'),
('D', 5, 'not booked', 6, 'D5'),
('D', 5, 'not booked', 7, 'D5'),
('D', 5, 'not booked', 8, 'D5'),
('D', 5, 'not booked', 9, 'D5'),
('D', 5, 'not booked', 10, 'D5'),
('D', 6, 'booked', 1, 'D6'),
('D', 6, 'not booked', 2, 'D6'),
('D', 6, 'not booked', 3, 'D6'),
('D', 6, 'not booked', 4, 'D6'),
('D', 6, 'not booked', 5, 'D6'),
('D', 6, 'not booked', 6, 'D6'),
('D', 6, 'not booked', 7, 'D6'),
('D', 6, 'not booked', 8, 'D6'),
('D', 6, 'not booked', 9, 'D6'),
('D', 6, 'not booked', 10, 'D6'),
('D', 7, 'booked', 1, 'D7'),
('D', 7, 'not booked', 2, 'D7'),
('D', 7, 'not booked', 3, 'D7'),
('D', 7, 'not booked', 4, 'D7'),
('D', 7, 'not booked', 5, 'D7'),
('D', 7, 'not booked', 6, 'D7'),
('D', 7, 'not booked', 7, 'D7'),
('D', 7, 'not booked', 8, 'D7'),
('D', 7, 'not booked', 9, 'D7'),
('D', 7, 'not booked', 10, 'D7'),
('D', 8, 'not booked', 1, 'D8'),
('D', 8, 'not booked', 2, 'D8'),
('D', 8, 'not booked', 3, 'D8'),
('D', 8, 'not booked', 4, 'D8'),
('D', 8, 'not booked', 5, 'D8'),
('D', 8, 'not booked', 6, 'D8'),
('D', 8, 'not booked', 7, 'D8'),
('D', 8, 'not booked', 8, 'D8'),
('D', 8, 'not booked', 9, 'D8'),
('D', 8, 'not booked', 10, 'D8'),
('D', 9, 'not booked', 1, 'D9'),
('D', 9, 'not booked', 2, 'D9'),
('D', 9, 'not booked', 3, 'D9'),
('D', 9, 'not booked', 4, 'D9'),
('D', 9, 'not booked', 5, 'D9'),
('D', 9, 'not booked', 6, 'D9'),
('D', 9, 'not booked', 7, 'D9'),
('D', 9, 'not booked', 8, 'D9'),
('D', 9, 'not booked', 9, 'D9'),
('D', 9, 'not booked', 10, 'D9'),
('D', 10, 'not booked', 1, 'D10'),
('D', 10, 'not booked', 2, 'D10'),
('D', 10, 'not booked', 3, 'D10'),
('D', 10, 'not booked', 4, 'D10'),
('D', 10, 'not booked', 5, 'D10'),
('D', 10, 'not booked', 6, 'D10'),
('D', 10, 'not booked', 7, 'D10'),
('D', 10, 'not booked', 8, 'D10'),
('D', 10, 'not booked', 9, 'D10'),
('D', 10, 'not booked', 10, 'D10'),
('D', 11, 'not booked', 1, 'D11'),
('D', 11, 'not booked', 2, 'D11'),
('D', 11, 'not booked', 3, 'D11'),
('D', 11, 'not booked', 4, 'D11'),
('D', 11, 'not booked', 5, 'D11'),
('D', 11, 'not booked', 6, 'D11'),
('D', 11, 'not booked', 7, 'D11'),
('D', 11, 'not booked', 8, 'D11'),
('D', 11, 'not booked', 9, 'D11'),
('D', 11, 'not booked', 10, 'D11'),
('D', 12, 'not booked', 1, 'D12'),
('D', 12, 'not booked', 2, 'D12'),
('D', 12, 'not booked', 3, 'D12'),
('D', 12, 'not booked', 4, 'D12'),
('D', 12, 'not booked', 5, 'D12'),
('D', 12, 'not booked', 6, 'D12'),
('D', 12, 'not booked', 7, 'D12'),
('D', 12, 'not booked', 8, 'D12'),
('D', 12, 'not booked', 9, 'D12'),
('D', 12, 'not booked', 10, 'D12'),
('D', 13, 'not booked', 1, 'D13'),
('D', 13, 'not booked', 2, 'D13'),
('D', 13, 'not booked', 3, 'D13'),
('D', 13, 'not booked', 4, 'D13'),
('D', 13, 'not booked', 5, 'D13'),
('D', 13, 'not booked', 6, 'D13'),
('D', 13, 'not booked', 7, 'D13'),
('D', 13, 'not booked', 8, 'D13'),
('D', 13, 'not booked', 9, 'D13'),
('D', 13, 'not booked', 10, 'D13'),
('D', 14, 'not booked', 1, 'D14'),
('D', 14, 'not booked', 2, 'D14'),
('D', 14, 'not booked', 3, 'D14'),
('D', 14, 'not booked', 4, 'D14'),
('D', 14, 'not booked', 5, 'D14'),
('D', 14, 'not booked', 6, 'D14'),
('D', 14, 'not booked', 7, 'D14'),
('D', 14, 'not booked', 8, 'D14'),
('D', 14, 'not booked', 9, 'D14'),
('D', 14, 'not booked', 10, 'D14'),
('E', 1, 'not booked', 1, 'E1'),
('E', 1, 'not booked', 2, 'E1'),
('E', 1, 'not booked', 3, 'E1'),
('E', 1, 'not booked', 4, 'E1'),
('E', 1, 'not booked', 5, 'E1'),
('E', 1, 'not booked', 6, 'E1'),
('E', 1, 'not booked', 7, 'E1'),
('E', 1, 'not booked', 8, 'E1'),
('E', 1, 'not booked', 9, 'E1'),
('E', 1, 'not booked', 10, 'E1'),
('E', 2, 'not booked', 1, 'E2'),
('E', 2, 'not booked', 2, 'E2'),
('E', 2, 'not booked', 3, 'E2'),
('E', 2, 'not booked', 4, 'E2'),
('E', 2, 'not booked', 5, 'E2'),
('E', 2, 'not booked', 6, 'E2'),
('E', 2, 'not booked', 7, 'E2'),
('E', 2, 'not booked', 8, 'E2'),
('E', 2, 'not booked', 9, 'E2'),
('E', 2, 'not booked', 10, 'E2'),
('E', 3, 'booked', 1, 'E3'),
('E', 3, 'not booked', 2, 'E3'),
('E', 3, 'not booked', 3, 'E3'),
('E', 3, 'not booked', 4, 'E3'),
('E', 3, 'not booked', 5, 'E3'),
('E', 3, 'not booked', 6, 'E3'),
('E', 3, 'not booked', 7, 'E3'),
('E', 3, 'not booked', 8, 'E3'),
('E', 3, 'not booked', 9, 'E3'),
('E', 3, 'not booked', 10, 'E3'),
('E', 4, 'booked', 1, 'E4'),
('E', 4, 'not booked', 2, 'E4'),
('E', 4, 'not booked', 3, 'E4'),
('E', 4, 'not booked', 4, 'E4'),
('E', 4, 'not booked', 5, 'E4'),
('E', 4, 'not booked', 6, 'E4'),
('E', 4, 'not booked', 7, 'E4'),
('E', 4, 'not booked', 8, 'E4'),
('E', 4, 'not booked', 9, 'E4'),
('E', 4, 'not booked', 10, 'E4'),
('E', 5, 'not booked', 1, 'E5'),
('E', 5, 'not booked', 2, 'E5'),
('E', 5, 'not booked', 3, 'E5'),
('E', 5, 'not booked', 4, 'E5'),
('E', 5, 'not booked', 5, 'E5'),
('E', 5, 'not booked', 6, 'E5'),
('E', 5, 'not booked', 7, 'E5'),
('E', 5, 'not booked', 8, 'E5'),
('E', 5, 'not booked', 9, 'E5'),
('E', 5, 'not booked', 10, 'E5'),
('E', 6, 'booked', 1, 'E6'),
('E', 6, 'not booked', 2, 'E6'),
('E', 6, 'not booked', 3, 'E6'),
('E', 6, 'not booked', 4, 'E6'),
('E', 6, 'not booked', 5, 'E6'),
('E', 6, 'not booked', 6, 'E6'),
('E', 6, 'not booked', 7, 'E6'),
('E', 6, 'not booked', 8, 'E6'),
('E', 6, 'not booked', 9, 'E6'),
('E', 6, 'not booked', 10, 'E6'),
('E', 7, 'not booked', 1, 'E7'),
('E', 7, 'not booked', 2, 'E7'),
('E', 7, 'not booked', 3, 'E7'),
('E', 7, 'not booked', 4, 'E7'),
('E', 7, 'not booked', 5, 'E7'),
('E', 7, 'not booked', 6, 'E7'),
('E', 7, 'not booked', 7, 'E7'),
('E', 7, 'not booked', 8, 'E7'),
('E', 7, 'not booked', 9, 'E7'),
('E', 7, 'not booked', 10, 'E7'),
('E', 8, 'not booked', 1, 'E8'),
('E', 8, 'not booked', 2, 'E8'),
('E', 8, 'not booked', 3, 'E8'),
('E', 8, 'not booked', 4, 'E8'),
('E', 8, 'not booked', 5, 'E8'),
('E', 8, 'not booked', 6, 'E8'),
('E', 8, 'not booked', 7, 'E8'),
('E', 8, 'not booked', 8, 'E8'),
('E', 8, 'not booked', 9, 'E8'),
('E', 8, 'not booked', 10, 'E8'),
('E', 9, 'not booked', 1, 'E9'),
('E', 9, 'not booked', 2, 'E9'),
('E', 9, 'not booked', 3, 'E9'),
('E', 9, 'not booked', 4, 'E9'),
('E', 9, 'not booked', 5, 'E9'),
('E', 9, 'not booked', 6, 'E9'),
('E', 9, 'not booked', 7, 'E9'),
('E', 9, 'not booked', 8, 'E9'),
('E', 9, 'not booked', 9, 'E9'),
('E', 9, 'not booked', 10, 'E9'),
('E', 10, 'not booked', 1, 'E10'),
('E', 10, 'not booked', 2, 'E10'),
('E', 10, 'not booked', 3, 'E10'),
('E', 10, 'not booked', 4, 'E10'),
('E', 10, 'not booked', 5, 'E10'),
('E', 10, 'not booked', 6, 'E10'),
('E', 10, 'not booked', 7, 'E10'),
('E', 10, 'not booked', 8, 'E10'),
('E', 10, 'not booked', 9, 'E10'),
('E', 10, 'not booked', 10, 'E10'),
('E', 11, 'not booked', 1, 'E11'),
('E', 11, 'not booked', 2, 'E11'),
('E', 11, 'not booked', 3, 'E11'),
('E', 11, 'not booked', 4, 'E11'),
('E', 11, 'not booked', 5, 'E11'),
('E', 11, 'not booked', 6, 'E11'),
('E', 11, 'not booked', 7, 'E11'),
('E', 11, 'not booked', 8, 'E11'),
('E', 11, 'not booked', 9, 'E11'),
('E', 11, 'not booked', 10, 'E11'),
('E', 12, 'not booked', 1, 'E12'),
('E', 12, 'not booked', 2, 'E12'),
('E', 12, 'not booked', 3, 'E12'),
('E', 12, 'not booked', 4, 'E12'),
('E', 12, 'not booked', 5, 'E12'),
('E', 12, 'not booked', 6, 'E12'),
('E', 12, 'not booked', 7, 'E12'),
('E', 12, 'not booked', 8, 'E12'),
('E', 12, 'not booked', 9, 'E12'),
('E', 12, 'not booked', 10, 'E12'),
('E', 13, 'not booked', 1, 'E13'),
('E', 13, 'not booked', 2, 'E13'),
('E', 13, 'not booked', 3, 'E13'),
('E', 13, 'not booked', 4, 'E13'),
('E', 13, 'not booked', 5, 'E13'),
('E', 13, 'not booked', 6, 'E13'),
('E', 13, 'not booked', 7, 'E13'),
('E', 13, 'not booked', 8, 'E13'),
('E', 13, 'not booked', 9, 'E13'),
('E', 13, 'not booked', 10, 'E13'),
('E', 14, 'not booked', 1, 'E14'),
('E', 14, 'not booked', 2, 'E14'),
('E', 14, 'not booked', 3, 'E14'),
('E', 14, 'not booked', 4, 'E14'),
('E', 14, 'not booked', 5, 'E14'),
('E', 14, 'not booked', 6, 'E14'),
('E', 14, 'not booked', 7, 'E14'),
('E', 14, 'not booked', 8, 'E14'),
('E', 14, 'not booked', 9, 'E14'),
('E', 14, 'not booked', 10, 'E14'),
('F', 1, 'not booked', 1, 'F1'),
('F', 1, 'not booked', 2, 'F1'),
('F', 1, 'not booked', 3, 'F1'),
('F', 1, 'not booked', 4, 'F1'),
('F', 1, 'not booked', 5, 'F1'),
('F', 1, 'not booked', 6, 'F1'),
('F', 1, 'not booked', 7, 'F1'),
('F', 1, 'not booked', 8, 'F1'),
('F', 1, 'not booked', 9, 'F1'),
('F', 1, 'not booked', 10, 'F1'),
('F', 2, 'not booked', 1, 'F2'),
('F', 2, 'not booked', 2, 'F2'),
('F', 2, 'not booked', 3, 'F2'),
('F', 2, 'not booked', 4, 'F2'),
('F', 2, 'not booked', 5, 'F2'),
('F', 2, 'not booked', 6, 'F2'),
('F', 2, 'not booked', 7, 'F2'),
('F', 2, 'not booked', 8, 'F2'),
('F', 2, 'not booked', 9, 'F2'),
('F', 2, 'not booked', 10, 'F2'),
('F', 3, 'not booked', 1, 'F3'),
('F', 3, 'not booked', 2, 'F3'),
('F', 3, 'not booked', 3, 'F3'),
('F', 3, 'not booked', 4, 'F3'),
('F', 3, 'not booked', 5, 'F3'),
('F', 3, 'not booked', 6, 'F3'),
('F', 3, 'not booked', 7, 'F3'),
('F', 3, 'not booked', 8, 'F3'),
('F', 3, 'not booked', 9, 'F3'),
('F', 3, 'not booked', 10, 'F3'),
('F', 4, 'not booked', 1, 'F4'),
('F', 4, 'not booked', 2, 'F4'),
('F', 4, 'not booked', 3, 'F4'),
('F', 4, 'not booked', 4, 'F4'),
('F', 4, 'not booked', 5, 'F4'),
('F', 4, 'not booked', 6, 'F4'),
('F', 4, 'not booked', 7, 'F4'),
('F', 4, 'not booked', 8, 'F4'),
('F', 4, 'not booked', 9, 'F4'),
('F', 4, 'not booked', 10, 'F4'),
('F', 5, 'not booked', 1, 'F5'),
('F', 5, 'not booked', 2, 'F5'),
('F', 5, 'not booked', 3, 'F5'),
('F', 5, 'not booked', 4, 'F5'),
('F', 5, 'not booked', 5, 'F5'),
('F', 5, 'not booked', 6, 'F5'),
('F', 5, 'not booked', 7, 'F5'),
('F', 5, 'not booked', 8, 'F5'),
('F', 5, 'not booked', 9, 'F5'),
('F', 5, 'not booked', 10, 'F5'),
('F', 6, 'not booked', 1, 'F6'),
('F', 6, 'not booked', 2, 'F6'),
('F', 6, 'not booked', 3, 'F6'),
('F', 6, 'not booked', 4, 'F6'),
('F', 6, 'not booked', 5, 'F6'),
('F', 6, 'not booked', 6, 'F6'),
('F', 6, 'not booked', 7, 'F6'),
('F', 6, 'not booked', 8, 'F6'),
('F', 6, 'not booked', 9, 'F6'),
('F', 6, 'not booked', 10, 'F6'),
('F', 7, 'not booked', 1, 'F7'),
('F', 7, 'not booked', 2, 'F7'),
('F', 7, 'not booked', 3, 'F7'),
('F', 7, 'not booked', 4, 'F7'),
('F', 7, 'not booked', 5, 'F7'),
('F', 7, 'not booked', 6, 'F7'),
('F', 7, 'not booked', 7, 'F7'),
('F', 7, 'not booked', 8, 'F7'),
('F', 7, 'not booked', 9, 'F7'),
('F', 7, 'not booked', 10, 'F7'),
('F', 8, 'not booked', 1, 'F8'),
('F', 8, 'not booked', 2, 'F8'),
('F', 8, 'not booked', 3, 'F8'),
('F', 8, 'not booked', 4, 'F8'),
('F', 8, 'not booked', 5, 'F8'),
('F', 8, 'not booked', 6, 'F8'),
('F', 8, 'not booked', 7, 'F8'),
('F', 8, 'not booked', 8, 'F8'),
('F', 8, 'not booked', 9, 'F8'),
('F', 8, 'not booked', 10, 'F8'),
('F', 9, 'not booked', 1, 'F9'),
('F', 9, 'not booked', 2, 'F9'),
('F', 9, 'not booked', 3, 'F9'),
('F', 9, 'not booked', 4, 'F9'),
('F', 9, 'not booked', 5, 'F9'),
('F', 9, 'not booked', 6, 'F9'),
('F', 9, 'not booked', 7, 'F9'),
('F', 9, 'not booked', 8, 'F9'),
('F', 9, 'not booked', 9, 'F9'),
('F', 9, 'not booked', 10, 'F9'),
('F', 10, 'not booked', 1, 'F10'),
('F', 10, 'not booked', 2, 'F10'),
('F', 10, 'not booked', 3, 'F10'),
('F', 10, 'not booked', 4, 'F10'),
('F', 10, 'not booked', 5, 'F10'),
('F', 10, 'not booked', 6, 'F10'),
('F', 10, 'not booked', 7, 'F10'),
('F', 10, 'not booked', 8, 'F10'),
('F', 10, 'not booked', 9, 'F10'),
('F', 10, 'not booked', 10, 'F10'),
('F', 11, 'not booked', 1, 'F11'),
('F', 11, 'not booked', 2, 'F11'),
('F', 11, 'not booked', 3, 'F11'),
('F', 11, 'not booked', 4, 'F11'),
('F', 11, 'not booked', 5, 'F11'),
('F', 11, 'not booked', 6, 'F11'),
('F', 11, 'not booked', 7, 'F11'),
('F', 11, 'not booked', 8, 'F11'),
('F', 11, 'not booked', 9, 'F11'),
('F', 11, 'not booked', 10, 'F11'),
('F', 12, 'not booked', 1, 'F12'),
('F', 12, 'not booked', 2, 'F12'),
('F', 12, 'not booked', 3, 'F12'),
('F', 12, 'not booked', 4, 'F12'),
('F', 12, 'not booked', 5, 'F12'),
('F', 12, 'not booked', 6, 'F12'),
('F', 12, 'not booked', 7, 'F12'),
('F', 12, 'not booked', 8, 'F12'),
('F', 12, 'not booked', 9, 'F12'),
('F', 12, 'not booked', 10, 'F12'),
('F', 13, 'not booked', 1, 'F13'),
('F', 13, 'not booked', 2, 'F13'),
('F', 13, 'not booked', 3, 'F13'),
('F', 13, 'not booked', 4, 'F13'),
('F', 13, 'not booked', 5, 'F13'),
('F', 13, 'not booked', 6, 'F13'),
('F', 13, 'not booked', 7, 'F13'),
('F', 13, 'not booked', 8, 'F13'),
('F', 13, 'not booked', 9, 'F13'),
('F', 13, 'not booked', 10, 'F13'),
('F', 14, 'not booked', 1, 'F14'),
('F', 14, 'not booked', 2, 'F14'),
('F', 14, 'not booked', 3, 'F14'),
('F', 14, 'not booked', 4, 'F14'),
('F', 14, 'not booked', 5, 'F14'),
('F', 14, 'not booked', 6, 'F14'),
('F', 14, 'not booked', 7, 'F14'),
('F', 14, 'not booked', 8, 'F14'),
('F', 14, 'not booked', 9, 'F14'),
('F', 14, 'not booked', 10, 'F14'),
('G', 1, 'not booked', 1, 'G1'),
('G', 1, 'not booked', 2, 'G1'),
('G', 1, 'not booked', 3, 'G1'),
('G', 1, 'not booked', 4, 'G1'),
('G', 1, 'not booked', 5, 'G1'),
('G', 1, 'not booked', 6, 'G1'),
('G', 1, 'not booked', 7, 'G1'),
('G', 1, 'not booked', 8, 'G1'),
('G', 1, 'not booked', 9, 'G1'),
('G', 1, 'not booked', 10, 'G1'),
('G', 2, 'not booked', 1, 'G2'),
('G', 2, 'not booked', 2, 'G2'),
('G', 2, 'not booked', 3, 'G2'),
('G', 2, 'not booked', 4, 'G2'),
('G', 2, 'not booked', 5, 'G2'),
('G', 2, 'not booked', 6, 'G2'),
('G', 2, 'not booked', 7, 'G2'),
('G', 2, 'not booked', 8, 'G2'),
('G', 2, 'not booked', 9, 'G2'),
('G', 2, 'not booked', 10, 'G2'),
('G', 3, 'booked', 1, 'G3'),
('G', 3, 'not booked', 2, 'G3'),
('G', 3, 'not booked', 3, 'G3'),
('G', 3, 'not booked', 4, 'G3'),
('G', 3, 'not booked', 5, 'G3'),
('G', 3, 'not booked', 6, 'G3'),
('G', 3, 'not booked', 7, 'G3'),
('G', 3, 'not booked', 8, 'G3'),
('G', 3, 'not booked', 9, 'G3'),
('G', 3, 'not booked', 10, 'G3'),
('G', 4, 'booked', 1, 'G4'),
('G', 4, 'not booked', 2, 'G4'),
('G', 4, 'not booked', 3, 'G4'),
('G', 4, 'not booked', 4, 'G4'),
('G', 4, 'not booked', 5, 'G4'),
('G', 4, 'not booked', 6, 'G4'),
('G', 4, 'not booked', 7, 'G4'),
('G', 4, 'not booked', 8, 'G4'),
('G', 4, 'not booked', 9, 'G4'),
('G', 4, 'not booked', 10, 'G4'),
('G', 5, 'booked', 1, 'G5'),
('G', 5, 'booked', 2, 'G5'),
('G', 5, 'not booked', 3, 'G5'),
('G', 5, 'not booked', 4, 'G5'),
('G', 5, 'not booked', 5, 'G5'),
('G', 5, 'not booked', 6, 'G5'),
('G', 5, 'not booked', 7, 'G5'),
('G', 5, 'not booked', 8, 'G5'),
('G', 5, 'not booked', 9, 'G5'),
('G', 5, 'not booked', 10, 'G5'),
('G', 6, 'booked', 1, 'G6'),
('G', 6, 'booked', 2, 'G6'),
('G', 6, 'not booked', 3, 'G6'),
('G', 6, 'not booked', 4, 'G6'),
('G', 6, 'not booked', 5, 'G6'),
('G', 6, 'not booked', 6, 'G6'),
('G', 6, 'not booked', 7, 'G6'),
('G', 6, 'not booked', 8, 'G6'),
('G', 6, 'not booked', 9, 'G6'),
('G', 6, 'not booked', 10, 'G6'),
('G', 7, 'not booked', 1, 'G7'),
('G', 7, 'not booked', 2, 'G7'),
('G', 7, 'not booked', 3, 'G7'),
('G', 7, 'not booked', 4, 'G7'),
('G', 7, 'not booked', 5, 'G7'),
('G', 7, 'not booked', 6, 'G7'),
('G', 7, 'not booked', 7, 'G7'),
('G', 7, 'not booked', 8, 'G7'),
('G', 7, 'not booked', 9, 'G7'),
('G', 7, 'not booked', 10, 'G7'),
('G', 8, 'not booked', 1, 'G8'),
('G', 8, 'not booked', 2, 'G8'),
('G', 8, 'not booked', 3, 'G8'),
('G', 8, 'not booked', 4, 'G8'),
('G', 8, 'not booked', 5, 'G8'),
('G', 8, 'not booked', 6, 'G8'),
('G', 8, 'not booked', 7, 'G8'),
('G', 8, 'not booked', 8, 'G8'),
('G', 8, 'not booked', 9, 'G8'),
('G', 8, 'not booked', 10, 'G8'),
('G', 9, 'not booked', 1, 'G9'),
('G', 9, 'not booked', 2, 'G9'),
('G', 9, 'not booked', 3, 'G9'),
('G', 9, 'not booked', 4, 'G9'),
('G', 9, 'not booked', 5, 'G9'),
('G', 9, 'not booked', 6, 'G9'),
('G', 9, 'not booked', 7, 'G9'),
('G', 9, 'not booked', 8, 'G9'),
('G', 9, 'not booked', 9, 'G9'),
('G', 9, 'not booked', 10, 'G9'),
('G', 10, 'not booked', 1, 'G10'),
('G', 10, 'not booked', 2, 'G10'),
('G', 10, 'not booked', 3, 'G10'),
('G', 10, 'not booked', 4, 'G10'),
('G', 10, 'not booked', 5, 'G10'),
('G', 10, 'not booked', 6, 'G10'),
('G', 10, 'not booked', 7, 'G10'),
('G', 10, 'not booked', 8, 'G10'),
('G', 10, 'not booked', 9, 'G10'),
('G', 10, 'not booked', 10, 'G10'),
('G', 11, 'not booked', 1, 'G11'),
('G', 11, 'not booked', 2, 'G11'),
('G', 11, 'not booked', 3, 'G11'),
('G', 11, 'not booked', 4, 'G11'),
('G', 11, 'not booked', 5, 'G11'),
('G', 11, 'not booked', 6, 'G11'),
('G', 11, 'not booked', 7, 'G11'),
('G', 11, 'not booked', 8, 'G11'),
('G', 11, 'not booked', 9, 'G11'),
('G', 11, 'not booked', 10, 'G11'),
('G', 12, 'not booked', 1, 'G12'),
('G', 12, 'not booked', 2, 'G12'),
('G', 12, 'not booked', 3, 'G12'),
('G', 12, 'not booked', 4, 'G12'),
('G', 12, 'not booked', 5, 'G12'),
('G', 12, 'not booked', 6, 'G12'),
('G', 12, 'not booked', 7, 'G12'),
('G', 12, 'not booked', 8, 'G12'),
('G', 12, 'not booked', 9, 'G12'),
('G', 12, 'not booked', 10, 'G12'),
('G', 13, 'not booked', 1, 'G13'),
('G', 13, 'not booked', 2, 'G13'),
('G', 13, 'not booked', 3, 'G13'),
('G', 13, 'not booked', 4, 'G13'),
('G', 13, 'not booked', 5, 'G13'),
('G', 13, 'not booked', 6, 'G13'),
('G', 13, 'not booked', 7, 'G13'),
('G', 13, 'not booked', 8, 'G13'),
('G', 13, 'not booked', 9, 'G13'),
('G', 13, 'not booked', 10, 'G13'),
('G', 14, 'not booked', 1, 'G14'),
('G', 14, 'not booked', 2, 'G14'),
('G', 14, 'not booked', 3, 'G14'),
('G', 14, 'not booked', 4, 'G14'),
('G', 14, 'not booked', 5, 'G14'),
('G', 14, 'not booked', 6, 'G14'),
('G', 14, 'not booked', 7, 'G14'),
('G', 14, 'not booked', 8, 'G14'),
('G', 14, 'not booked', 9, 'G14'),
('G', 14, 'not booked', 10, 'G14'),
('H', 1, 'not booked', 1, 'H1'),
('H', 1, 'not booked', 2, 'H1'),
('H', 1, 'not booked', 3, 'H1'),
('H', 1, 'not booked', 4, 'H1'),
('H', 1, 'booked', 5, 'H1'),
('H', 1, 'not booked', 6, 'H1'),
('H', 1, 'not booked', 7, 'H1'),
('H', 1, 'not booked', 8, 'H1'),
('H', 1, 'not booked', 9, 'H1'),
('H', 1, 'not booked', 10, 'H1'),
('H', 2, 'not booked', 1, 'H2'),
('H', 2, 'not booked', 2, 'H2'),
('H', 2, 'not booked', 3, 'H2'),
('H', 2, 'not booked', 4, 'H2'),
('H', 2, 'booked', 5, 'H2'),
('H', 2, 'not booked', 6, 'H2'),
('H', 2, 'not booked', 7, 'H2'),
('H', 2, 'not booked', 8, 'H2'),
('H', 2, 'not booked', 9, 'H2'),
('H', 2, 'not booked', 10, 'H2'),
('H', 3, 'not booked', 1, 'H3'),
('H', 3, 'not booked', 2, 'H3'),
('H', 3, 'not booked', 3, 'H3'),
('H', 3, 'not booked', 4, 'H3'),
('H', 3, 'booked', 5, 'H3'),
('H', 3, 'not booked', 6, 'H3'),
('H', 3, 'not booked', 7, 'H3'),
('H', 3, 'not booked', 8, 'H3'),
('H', 3, 'not booked', 9, 'H3'),
('H', 3, 'not booked', 10, 'H3'),
('H', 4, 'not booked', 1, 'H4'),
('H', 4, 'not booked', 2, 'H4'),
('H', 4, 'not booked', 3, 'H4'),
('H', 4, 'not booked', 4, 'H4'),
('H', 4, 'not booked', 5, 'H4'),
('H', 4, 'not booked', 6, 'H4'),
('H', 4, 'not booked', 7, 'H4'),
('H', 4, 'not booked', 8, 'H4'),
('H', 4, 'not booked', 9, 'H4'),
('H', 4, 'not booked', 10, 'H4'),
('H', 5, 'not booked', 1, 'H5'),
('H', 5, 'not booked', 2, 'H5'),
('H', 5, 'not booked', 3, 'H5'),
('H', 5, 'not booked', 4, 'H5'),
('H', 5, 'not booked', 5, 'H5'),
('H', 5, 'not booked', 6, 'H5'),
('H', 5, 'not booked', 7, 'H5'),
('H', 5, 'not booked', 8, 'H5'),
('H', 5, 'not booked', 9, 'H5'),
('H', 5, 'not booked', 10, 'H5'),
('H', 6, 'booked', 1, 'H6'),
('H', 6, 'booked', 2, 'H6'),
('H', 6, 'not booked', 3, 'H6'),
('H', 6, 'not booked', 4, 'H6'),
('H', 6, 'not booked', 5, 'H6'),
('H', 6, 'not booked', 6, 'H6'),
('H', 6, 'not booked', 7, 'H6'),
('H', 6, 'not booked', 8, 'H6'),
('H', 6, 'not booked', 9, 'H6'),
('H', 6, 'not booked', 10, 'H6'),
('H', 7, 'booked', 1, 'H7'),
('H', 7, 'booked', 2, 'H7'),
('H', 7, 'not booked', 3, 'H7'),
('H', 7, 'not booked', 4, 'H7'),
('H', 7, 'not booked', 5, 'H7'),
('H', 7, 'not booked', 6, 'H7'),
('H', 7, 'not booked', 7, 'H7'),
('H', 7, 'not booked', 8, 'H7'),
('H', 7, 'not booked', 9, 'H7'),
('H', 7, 'not booked', 10, 'H7'),
('H', 8, 'not booked', 1, 'H8'),
('H', 8, 'not booked', 2, 'H8'),
('H', 8, 'not booked', 3, 'H8'),
('H', 8, 'not booked', 4, 'H8'),
('H', 8, 'not booked', 5, 'H8'),
('H', 8, 'not booked', 6, 'H8'),
('H', 8, 'not booked', 7, 'H8'),
('H', 8, 'not booked', 8, 'H8'),
('H', 8, 'not booked', 9, 'H8'),
('H', 8, 'not booked', 10, 'H8'),
('H', 9, 'not booked', 1, 'H9'),
('H', 9, 'not booked', 2, 'H9'),
('H', 9, 'not booked', 3, 'H9'),
('H', 9, 'not booked', 4, 'H9'),
('H', 9, 'not booked', 5, 'H9'),
('H', 9, 'not booked', 6, 'H9'),
('H', 9, 'not booked', 7, 'H9'),
('H', 9, 'not booked', 8, 'H9'),
('H', 9, 'not booked', 9, 'H9'),
('H', 9, 'not booked', 10, 'H9'),
('H', 10, 'booked', 1, 'H10'),
('H', 10, 'not booked', 2, 'H10'),
('H', 10, 'not booked', 3, 'H10'),
('H', 10, 'not booked', 4, 'H10'),
('H', 10, 'not booked', 5, 'H10'),
('H', 10, 'not booked', 6, 'H10'),
('H', 10, 'not booked', 7, 'H10'),
('H', 10, 'not booked', 8, 'H10'),
('H', 10, 'not booked', 9, 'H10'),
('H', 10, 'not booked', 10, 'H10'),
('H', 11, 'booked', 1, 'H11'),
('H', 11, 'not booked', 2, 'H11'),
('H', 11, 'not booked', 3, 'H11'),
('H', 11, 'not booked', 4, 'H11'),
('H', 11, 'not booked', 5, 'H11'),
('H', 11, 'not booked', 6, 'H11'),
('H', 11, 'not booked', 7, 'H11'),
('H', 11, 'not booked', 8, 'H11'),
('H', 11, 'not booked', 9, 'H11'),
('H', 11, 'not booked', 10, 'H11'),
('H', 12, 'not booked', 1, 'H12'),
('H', 12, 'not booked', 2, 'H12'),
('H', 12, 'not booked', 3, 'H12'),
('H', 12, 'not booked', 4, 'H12'),
('H', 12, 'not booked', 5, 'H12'),
('H', 12, 'not booked', 6, 'H12'),
('H', 12, 'not booked', 7, 'H12'),
('H', 12, 'not booked', 8, 'H12'),
('H', 12, 'not booked', 9, 'H12'),
('H', 12, 'not booked', 10, 'H12'),
('H', 13, 'not booked', 1, 'H13'),
('H', 13, 'not booked', 2, 'H13'),
('H', 13, 'not booked', 3, 'H13'),
('H', 13, 'not booked', 4, 'H13'),
('H', 13, 'not booked', 5, 'H13'),
('H', 13, 'not booked', 6, 'H13'),
('H', 13, 'not booked', 7, 'H13'),
('H', 13, 'not booked', 8, 'H13'),
('H', 13, 'not booked', 9, 'H13'),
('H', 13, 'not booked', 10, 'H13'),
('H', 14, 'not booked', 1, 'H14'),
('H', 14, 'not booked', 2, 'H14'),
('H', 14, 'not booked', 3, 'H14'),
('H', 14, 'not booked', 4, 'H14'),
('H', 14, 'not booked', 5, 'H14'),
('H', 14, 'not booked', 6, 'H14'),
('H', 14, 'not booked', 7, 'H14'),
('H', 14, 'not booked', 8, 'H14'),
('H', 14, 'not booked', 9, 'H14'),
('H', 14, 'not booked', 10, 'H14'),
('I', 1, 'not booked', 1, 'I1'),
('I', 1, 'not booked', 2, 'I1'),
('I', 1, 'not booked', 3, 'I1'),
('I', 1, 'not booked', 4, 'I1'),
('I', 1, 'not booked', 5, 'I1'),
('I', 1, 'not booked', 6, 'I1'),
('I', 1, 'not booked', 7, 'I1'),
('I', 1, 'not booked', 8, 'I1'),
('I', 1, 'not booked', 9, 'I1'),
('I', 1, 'not booked', 10, 'I1'),
('I', 2, 'not booked', 1, 'I2'),
('I', 2, 'not booked', 2, 'I2'),
('I', 2, 'not booked', 3, 'I2'),
('I', 2, 'not booked', 4, 'I2'),
('I', 2, 'not booked', 5, 'I2'),
('I', 2, 'not booked', 6, 'I2'),
('I', 2, 'not booked', 7, 'I2'),
('I', 2, 'not booked', 8, 'I2'),
('I', 2, 'not booked', 9, 'I2'),
('I', 2, 'not booked', 10, 'I2'),
('I', 3, 'not booked', 1, 'I3'),
('I', 3, 'not booked', 2, 'I3'),
('I', 3, 'not booked', 3, 'I3'),
('I', 3, 'not booked', 4, 'I3'),
('I', 3, 'not booked', 5, 'I3'),
('I', 3, 'not booked', 6, 'I3'),
('I', 3, 'not booked', 7, 'I3'),
('I', 3, 'not booked', 8, 'I3'),
('I', 3, 'not booked', 9, 'I3'),
('I', 3, 'not booked', 10, 'I3'),
('I', 4, 'not booked', 1, 'I4'),
('I', 4, 'not booked', 2, 'I4'),
('I', 4, 'not booked', 3, 'I4'),
('I', 4, 'not booked', 4, 'I4'),
('I', 4, 'not booked', 5, 'I4'),
('I', 4, 'not booked', 6, 'I4'),
('I', 4, 'not booked', 7, 'I4'),
('I', 4, 'not booked', 8, 'I4'),
('I', 4, 'not booked', 9, 'I4'),
('I', 4, 'not booked', 10, 'I4'),
('I', 5, 'not booked', 1, 'I5'),
('I', 5, 'not booked', 2, 'I5'),
('I', 5, 'not booked', 3, 'I5'),
('I', 5, 'not booked', 4, 'I5'),
('I', 5, 'not booked', 5, 'I5'),
('I', 5, 'not booked', 6, 'I5'),
('I', 5, 'not booked', 7, 'I5'),
('I', 5, 'not booked', 8, 'I5'),
('I', 5, 'not booked', 9, 'I5'),
('I', 5, 'not booked', 10, 'I5'),
('I', 6, 'not booked', 1, 'I6'),
('I', 6, 'not booked', 2, 'I6'),
('I', 6, 'not booked', 3, 'I6'),
('I', 6, 'not booked', 4, 'I6'),
('I', 6, 'not booked', 5, 'I6'),
('I', 6, 'not booked', 6, 'I6'),
('I', 6, 'not booked', 7, 'I6'),
('I', 6, 'not booked', 8, 'I6'),
('I', 6, 'not booked', 9, 'I6'),
('I', 6, 'not booked', 10, 'I6'),
('I', 7, 'not booked', 1, 'I7'),
('I', 7, 'not booked', 2, 'I7'),
('I', 7, 'not booked', 3, 'I7'),
('I', 7, 'not booked', 4, 'I7'),
('I', 7, 'not booked', 5, 'I7'),
('I', 7, 'not booked', 6, 'I7'),
('I', 7, 'not booked', 7, 'I7'),
('I', 7, 'not booked', 8, 'I7'),
('I', 7, 'not booked', 9, 'I7'),
('I', 7, 'not booked', 10, 'I7'),
('I', 8, 'not booked', 1, 'I8'),
('I', 8, 'not booked', 2, 'I8'),
('I', 8, 'not booked', 3, 'I8'),
('I', 8, 'not booked', 4, 'I8'),
('I', 8, 'not booked', 5, 'I8'),
('I', 8, 'not booked', 6, 'I8'),
('I', 8, 'not booked', 7, 'I8'),
('I', 8, 'not booked', 8, 'I8'),
('I', 8, 'not booked', 9, 'I8'),
('I', 8, 'not booked', 10, 'I8'),
('I', 9, 'not booked', 1, 'I9'),
('I', 9, 'not booked', 2, 'I9'),
('I', 9, 'not booked', 3, 'I9'),
('I', 9, 'not booked', 4, 'I9'),
('I', 9, 'not booked', 5, 'I9'),
('I', 9, 'not booked', 6, 'I9'),
('I', 9, 'not booked', 7, 'I9'),
('I', 9, 'not booked', 8, 'I9'),
('I', 9, 'not booked', 9, 'I9'),
('I', 9, 'not booked', 10, 'I9'),
('I', 10, 'not booked', 1, 'I10'),
('I', 10, 'not booked', 2, 'I10'),
('I', 10, 'not booked', 3, 'I10'),
('I', 10, 'not booked', 4, 'I10'),
('I', 10, 'not booked', 5, 'I10'),
('I', 10, 'not booked', 6, 'I10'),
('I', 10, 'not booked', 7, 'I10'),
('I', 10, 'not booked', 8, 'I10'),
('I', 10, 'not booked', 9, 'I10'),
('I', 10, 'not booked', 10, 'I10'),
('I', 11, 'not booked', 1, 'I11'),
('I', 11, 'not booked', 2, 'I11'),
('I', 11, 'not booked', 3, 'I11'),
('I', 11, 'not booked', 4, 'I11'),
('I', 11, 'not booked', 5, 'I11'),
('I', 11, 'not booked', 6, 'I11'),
('I', 11, 'not booked', 7, 'I11'),
('I', 11, 'not booked', 8, 'I11'),
('I', 11, 'not booked', 9, 'I11'),
('I', 11, 'not booked', 10, 'I11'),
('I', 12, 'not booked', 1, 'I12'),
('I', 12, 'not booked', 2, 'I12'),
('I', 12, 'not booked', 3, 'I12'),
('I', 12, 'not booked', 4, 'I12'),
('I', 12, 'not booked', 5, 'I12'),
('I', 12, 'not booked', 6, 'I12'),
('I', 12, 'not booked', 7, 'I12'),
('I', 12, 'not booked', 8, 'I12'),
('I', 12, 'not booked', 9, 'I12'),
('I', 12, 'not booked', 10, 'I12'),
('I', 13, 'not booked', 1, 'I13'),
('I', 13, 'not booked', 2, 'I13'),
('I', 13, 'not booked', 3, 'I13'),
('I', 13, 'not booked', 4, 'I13'),
('I', 13, 'not booked', 5, 'I13'),
('I', 13, 'not booked', 6, 'I13'),
('I', 13, 'not booked', 7, 'I13'),
('I', 13, 'not booked', 8, 'I13'),
('I', 13, 'not booked', 9, 'I13'),
('I', 13, 'not booked', 10, 'I13'),
('I', 14, 'not booked', 1, 'I14'),
('I', 14, 'not booked', 2, 'I14'),
('I', 14, 'not booked', 3, 'I14'),
('I', 14, 'not booked', 4, 'I14'),
('I', 14, 'not booked', 5, 'I14'),
('I', 14, 'not booked', 6, 'I14'),
('I', 14, 'not booked', 7, 'I14'),
('I', 14, 'not booked', 8, 'I14'),
('I', 14, 'not booked', 9, 'I14'),
('I', 14, 'not booked', 10, 'I14');

-- --------------------------------------------------------

--
-- Table structure for table `user`
--

CREATE TABLE IF NOT EXISTS `user` (
  `username` varchar(50) NOT NULL,
  `password` varchar(50) NOT NULL,
  `type` varchar(10) NOT NULL,
  `email` varchar(100) NOT NULL,
  KEY `username` (`username`)
) ENGINE=InnoDB DEFAULT CHARSET=latin1;

--
-- Dumping data for table `user`
--

INSERT INTO `user` (`username`, `password`, `type`, `email`) VALUES
('123', '202cb962ac59075b964b07152d234b70', 'admin', '');

--
-- Constraints for dumped tables
--

--
-- Constraints for table `booked`
--
ALTER TABLE `booked`
  ADD CONSTRAINT `booked_ibfk_1` FOREIGN KEY (`seat_row`, `seat_colum`) REFERENCES `seats` (`seat_row`, `seat_colum`) ON UPDATE CASCADE;

/*!40101 SET CHARACTER_SET_CLIENT=@OLD_CHARACTER_SET_CLIENT */;
/*!40101 SET CHARACTER_SET_RESULTS=@OLD_CHARACTER_SET_RESULTS */;
/*!40101 SET COLLATION_CONNECTION=@OLD_COLLATION_CONNECTION */;
